-- Demo seed generated from local demo run
INSERT INTO stock_raw (k_date, stock_code, stock_name, symbol, current_price, change_percent, volume, captured_at) VALUES ('2026-03-09', '000001.SS', 'SSE Composite Index', '000001.SS', 3342.0708, 0.2, 1760000000, '2026-03-09 18:00:00');
INSERT INTO stock_raw (k_date, stock_code, stock_name, symbol, current_price, change_percent, volume, captured_at) VALUES ('2026-03-09', 'DX-Y.NYB', 'Dollar Index', 'DX-Y.NYB', 102.8938, -0.2, 0, '2026-03-09 18:00:00');
INSERT INTO stock_raw (k_date, stock_code, stock_name, symbol, current_price, change_percent, volume, captured_at) VALUES ('2026-03-09', 'GC=F', 'Gold Futures', 'GC=F', 2951.928, 0.8, 162000, '2026-03-09 18:00:00');
INSERT INTO stock_raw (k_date, stock_code, stock_name, symbol, current_price, change_percent, volume, captured_at) VALUES ('2026-03-09', 'GOOGL', 'Alphabet', 'GOOGL', 188.9559, 1.1, 21800000, '2026-03-09 18:00:00');
INSERT INTO stock_raw (k_date, stock_code, stock_name, symbol, current_price, change_percent, volume, captured_at) VALUES ('2026-03-09', 'LITE', 'Lumentum', 'LITE', 58.1468, 0.6, 3210000, '2026-03-09 18:00:00');
INSERT INTO stock_raw (k_date, stock_code, stock_name, symbol, current_price, change_percent, volume, captured_at) VALUES ('2026-03-09', 'MSFT', 'Microsoft', 'MSFT', 418.2305, 0.9, 25400000, '2026-03-09 18:00:00');
INSERT INTO stock_raw (k_date, stock_code, stock_name, symbol, current_price, change_percent, volume, captured_at) VALUES ('2026-03-09', 'MU', 'Micron Technology', 'MU', 110.5104, 1.2, 38210000, '2026-03-09 18:00:00');
INSERT INTO stock_raw (k_date, stock_code, stock_name, symbol, current_price, change_percent, volume, captured_at) VALUES ('2026-03-09', '^GSPC', 'S&P 500', '^GSPC', 5889.501, 0.5, 2850000000, '2026-03-09 18:00:00');
INSERT INTO stock_raw (k_date, stock_code, stock_name, symbol, current_price, change_percent, volume, captured_at) VALUES ('2026-03-09', '^HSI', 'HANG SENG INDEX', '^HSI', 24224.48, 0.6, 0, '2026-03-09 18:00:00');
INSERT INTO stock_raw (k_date, stock_code, stock_name, symbol, current_price, change_percent, volume, captured_at) VALUES ('2026-03-09', '^VIX', 'CBOE Volatility Index', '^VIX', 19.503, -1.5, 0, '2026-03-09 18:00:00');
INSERT INTO stock_raw (k_date, stock_code, stock_name, symbol, current_price, change_percent, volume, captured_at) VALUES ('2026-03-10', '000001.SS', 'SSE Composite Index', '000001.SS', 3355.4391, 0.4, 1760017000, '2026-03-10 18:00:00');
INSERT INTO stock_raw (k_date, stock_code, stock_name, symbol, current_price, change_percent, volume, captured_at) VALUES ('2026-03-10', 'DX-Y.NYB', 'Dollar Index', 'DX-Y.NYB', 102.5851, -0.3, 0, '2026-03-10 18:00:00');
INSERT INTO stock_raw (k_date, stock_code, stock_name, symbol, current_price, change_percent, volume, captured_at) VALUES ('2026-03-10', 'GC=F', 'Gold Futures', 'GC=F', 2969.6396, 0.6, 179000, '2026-03-10 18:00:00');
INSERT INTO stock_raw (k_date, stock_code, stock_name, symbol, current_price, change_percent, volume, captured_at) VALUES ('2026-03-10', 'GOOGL', 'Alphabet', 'GOOGL', 190.2786, 0.7, 21817000, '2026-03-10 18:00:00');
INSERT INTO stock_raw (k_date, stock_code, stock_name, symbol, current_price, change_percent, volume, captured_at) VALUES ('2026-03-10', 'LITE', 'Lumentum', 'LITE', 57.9142, -0.4, 3227000, '2026-03-10 18:00:00');
INSERT INTO stock_raw (k_date, stock_code, stock_name, symbol, current_price, change_percent, volume, captured_at) VALUES ('2026-03-10', 'MSFT', 'Microsoft', 'MSFT', 423.2493, 1.2, 25417000, '2026-03-10 18:00:00');
INSERT INTO stock_raw (k_date, stock_code, stock_name, symbol, current_price, change_percent, volume, captured_at) VALUES ('2026-03-10', 'MU', 'Micron Technology', 'MU', 113.1626, 2.4, 38227000, '2026-03-10 18:00:00');
INSERT INTO stock_raw (k_date, stock_code, stock_name, symbol, current_price, change_percent, volume, captured_at) VALUES ('2026-03-10', '^GSPC', 'S&P 500', '^GSPC', 5930.7275, 0.7, 2850017000, '2026-03-10 18:00:00');
INSERT INTO stock_raw (k_date, stock_code, stock_name, symbol, current_price, change_percent, volume, captured_at) VALUES ('2026-03-10', '^HSI', 'HANG SENG INDEX', '^HSI', 24151.8066, -0.3, 0, '2026-03-10 18:00:00');
INSERT INTO stock_raw (k_date, stock_code, stock_name, symbol, current_price, change_percent, volume, captured_at) VALUES ('2026-03-10', '^VIX', 'CBOE Volatility Index', '^VIX', 19.659, 0.8, 0, '2026-03-10 18:00:00');
INSERT INTO stock_raw (k_date, stock_code, stock_name, symbol, current_price, change_percent, volume, captured_at) VALUES ('2026-03-11', '000001.SS', 'SSE Composite Index', '000001.SS', 3352.0837, -0.1, 1760034000, '2026-03-11 18:00:00');
INSERT INTO stock_raw (k_date, stock_code, stock_name, symbol, current_price, change_percent, volume, captured_at) VALUES ('2026-03-11', 'DX-Y.NYB', 'Dollar Index', 'DX-Y.NYB', 102.9954, 0.4, 0, '2026-03-11 18:00:00');
INSERT INTO stock_raw (k_date, stock_code, stock_name, symbol, current_price, change_percent, volume, captured_at) VALUES ('2026-03-11', 'GC=F', 'Gold Futures', 'GC=F', 3002.3056, 1.1, 196000, '2026-03-11 18:00:00');
INSERT INTO stock_raw (k_date, stock_code, stock_name, symbol, current_price, change_percent, volume, captured_at) VALUES ('2026-03-11', 'GOOGL', 'Alphabet', 'GOOGL', 189.1369, -0.6, 21834000, '2026-03-11 18:00:00');
INSERT INTO stock_raw (k_date, stock_code, stock_name, symbol, current_price, change_percent, volume, captured_at) VALUES ('2026-03-11', 'LITE', 'Lumentum', 'LITE', 58.7829, 1.5, 3244000, '2026-03-11 18:00:00');
INSERT INTO stock_raw (k_date, stock_code, stock_name, symbol, current_price, change_percent, volume, captured_at) VALUES ('2026-03-11', 'MSFT', 'Microsoft', 'MSFT', 420.2866, -0.7, 25434000, '2026-03-11 18:00:00');
INSERT INTO stock_raw (k_date, stock_code, stock_name, symbol, current_price, change_percent, volume, captured_at) VALUES ('2026-03-11', 'MU', 'Micron Technology', 'MU', 112.2573, -0.8, 38244000, '2026-03-11 18:00:00');
INSERT INTO stock_raw (k_date, stock_code, stock_name, symbol, current_price, change_percent, volume, captured_at) VALUES ('2026-03-11', '^GSPC', 'S&P 500', '^GSPC', 5907.0046, -0.4, 2850034000, '2026-03-11 18:00:00');
INSERT INTO stock_raw (k_date, stock_code, stock_name, symbol, current_price, change_percent, volume, captured_at) VALUES ('2026-03-11', '^HSI', 'HANG SENG INDEX', '^HSI', 24369.1729, 0.9, 0, '2026-03-11 18:00:00');
INSERT INTO stock_raw (k_date, stock_code, stock_name, symbol, current_price, change_percent, volume, captured_at) VALUES ('2026-03-11', '^VIX', 'CBOE Volatility Index', '^VIX', 19.8752, 1.1, 0, '2026-03-11 18:00:00');
INSERT INTO stock_raw (k_date, stock_code, stock_name, symbol, current_price, change_percent, volume, captured_at) VALUES ('2026-03-12', '000001.SS', 'SSE Composite Index', '000001.SS', 3362.14, 0.3, 1760051000, '2026-03-12 18:00:00');
INSERT INTO stock_raw (k_date, stock_code, stock_name, symbol, current_price, change_percent, volume, captured_at) VALUES ('2026-03-12', 'DX-Y.NYB', 'Dollar Index', 'DX-Y.NYB', 103.6134, 0.6, 0, '2026-03-12 18:00:00');
INSERT INTO stock_raw (k_date, stock_code, stock_name, symbol, current_price, change_percent, volume, captured_at) VALUES ('2026-03-12', 'GC=F', 'Gold Futures', 'GC=F', 3023.3217, 0.7, 213000, '2026-03-12 18:00:00');
INSERT INTO stock_raw (k_date, stock_code, stock_name, symbol, current_price, change_percent, volume, captured_at) VALUES ('2026-03-12', 'GOOGL', 'Alphabet', 'GOOGL', 190.0826, 0.5, 21851000, '2026-03-12 18:00:00');
INSERT INTO stock_raw (k_date, stock_code, stock_name, symbol, current_price, change_percent, volume, captured_at) VALUES ('2026-03-12', 'LITE', 'Lumentum', 'LITE', 59.2532, 0.8, 3261000, '2026-03-12 18:00:00');
INSERT INTO stock_raw (k_date, stock_code, stock_name, symbol, current_price, change_percent, volume, captured_at) VALUES ('2026-03-12', 'MSFT', 'Microsoft', 'MSFT', 415.6634, -1.1, 25451000, '2026-03-12 18:00:00');
INSERT INTO stock_raw (k_date, stock_code, stock_name, symbol, current_price, change_percent, volume, captured_at) VALUES ('2026-03-12', 'MU', 'Micron Technology', 'MU', 115.7373, 3.1, 38261000, '2026-03-12 18:00:00');
INSERT INTO stock_raw (k_date, stock_code, stock_name, symbol, current_price, change_percent, volume, captured_at) VALUES ('2026-03-12', '^GSPC', 'S&P 500', '^GSPC', 5853.8416, -0.9, 2850051000, '2026-03-12 18:00:00');
INSERT INTO stock_raw (k_date, stock_code, stock_name, symbol, current_price, change_percent, volume, captured_at) VALUES ('2026-03-12', '^HSI', 'HANG SENG INDEX', '^HSI', 24710.3413, 1.4, 0, '2026-03-12 18:00:00');
INSERT INTO stock_raw (k_date, stock_code, stock_name, symbol, current_price, change_percent, volume, captured_at) VALUES ('2026-03-12', '^VIX', 'CBOE Volatility Index', '^VIX', 20.392, 2.6, 0, '2026-03-12 18:00:00');
INSERT INTO stock_raw (k_date, stock_code, stock_name, symbol, current_price, change_percent, volume, captured_at) VALUES ('2026-03-13', '000001.SS', 'SSE Composite Index', '000001.SS', 3378.9507, 0.5, 1760068000, '2026-03-13 18:00:00');
INSERT INTO stock_raw (k_date, stock_code, stock_name, symbol, current_price, change_percent, volume, captured_at) VALUES ('2026-03-13', 'DX-Y.NYB', 'Dollar Index', 'DX-Y.NYB', 103.9242, 0.3, 0, '2026-03-13 18:00:00');
INSERT INTO stock_raw (k_date, stock_code, stock_name, symbol, current_price, change_percent, volume, captured_at) VALUES ('2026-03-13', 'GC=F', 'Gold Futures', 'GC=F', 3017.2751, -0.2, 230000, '2026-03-13 18:00:00');
INSERT INTO stock_raw (k_date, stock_code, stock_name, symbol, current_price, change_percent, volume, captured_at) VALUES ('2026-03-13', 'GOOGL', 'Alphabet', 'GOOGL', 191.6033, 0.8, 21868000, '2026-03-13 18:00:00');
INSERT INTO stock_raw (k_date, stock_code, stock_name, symbol, current_price, change_percent, volume, captured_at) VALUES ('2026-03-13', 'LITE', 'Lumentum', 'LITE', 59.905, 1.1, 3278000, '2026-03-13 18:00:00');
INSERT INTO stock_raw (k_date, stock_code, stock_name, symbol, current_price, change_percent, volume, captured_at) VALUES ('2026-03-13', 'MSFT', 'Microsoft', 'MSFT', 417.3261, 0.4, 25468000, '2026-03-13 18:00:00');
INSERT INTO stock_raw (k_date, stock_code, stock_name, symbol, current_price, change_percent, volume, captured_at) VALUES ('2026-03-13', 'MU', 'Micron Technology', 'MU', 118.6307, 2.5, 38278000, '2026-03-13 18:00:00');
INSERT INTO stock_raw (k_date, stock_code, stock_name, symbol, current_price, change_percent, volume, captured_at) VALUES ('2026-03-13', '^GSPC', 'S&P 500', '^GSPC', 5865.5493, 0.2, 2850068000, '2026-03-13 18:00:00');
INSERT INTO stock_raw (k_date, stock_code, stock_name, symbol, current_price, change_percent, volume, captured_at) VALUES ('2026-03-13', '^HSI', 'HANG SENG INDEX', '^HSI', 24537.3689, -0.7, 0, '2026-03-13 18:00:00');
INSERT INTO stock_raw (k_date, stock_code, stock_name, symbol, current_price, change_percent, volume, captured_at) VALUES ('2026-03-13', '^VIX', 'CBOE Volatility Index', '^VIX', 20.3104, -0.4, 0, '2026-03-13 18:00:00');
INSERT INTO stock_news_raw (pub_date, title, content, url, source, type, rule_passed, rule_score, rule_reason, processing_status, ai_summary, market_impact, importance_stars, related_symbols, is_relevant_to_review, news_hash, captured_at) VALUES ('2026-03-10 08:20:00', '美联储官员释放谨慎降息信号，美元走强', '多位美联储官员强调通胀韧性仍在，市场下修二季度降息预期，美元指数回升，成长股承压。', 'https://demo.local/news/fed-dollar', 'demo_wire', 'macro', 1, 11.0, '涉及核心市场资产 DX-Y.NYB；宏观关键词命中 美联储, 通胀, 降息', 'llm_processed', '美联储官员释放谨慎降息信号，美元走强', '涉及核心市场资产 DX-Y.NYB；宏观关键词命中 美联储, 通胀, 降息', 5, '["DX-Y.NYB"]', 1, '9988d8503db1767acb15cfe0423b7720', '2026-03-15 21:01:16');
INSERT INTO stock_news_raw (pub_date, title, content, url, source, type, rule_passed, rule_score, rule_reason, processing_status, ai_summary, market_impact, importance_stars, related_symbols, is_relevant_to_review, news_hash, captured_at) VALUES ('2026-03-11 07:40:00', '中东航运再受扰动，油价和黄金同步走强', '霍尔木兹海峡周边风险升温，原油和黄金快速上涨，全球风险资产短线承压，避险情绪回流。', 'https://demo.local/news/oil-gold', 'demo_wire', 'macro', 1, 11.0, '涉及核心市场资产 GC=F；宏观关键词命中 中东, 原油, 油价', 'llm_processed', '中东航运再受扰动，油价和黄金同步走强', '涉及核心市场资产 GC=F；宏观关键词命中 中东, 原油, 油价', 5, '["GC=F"]', 1, '32d7f8cdd9fb41a0d255788ae4962ad7', '2026-03-15 21:01:16');
INSERT INTO stock_news_raw (pub_date, title, content, url, source, type, rule_passed, rule_score, rule_reason, processing_status, ai_summary, market_impact, importance_stars, related_symbols, is_relevant_to_review, news_hash, captured_at) VALUES ('2026-03-11 19:30:00', '微软宣布新一代企业 AI 服务定价方案', '微软在企业 AI 服务中新增按调用量计费方案，利好云与软件收入弹性，但市场担忧企业开支审核趋严。', 'https://demo.local/news/msft-ai', 'demo_wire', 'symbol', 1, 6.9, '涉及跟踪标的 MSFT', 'llm_processed', '微软宣布新一代企业 AI 服务定价方案', '涉及跟踪标的 MSFT', 3, '["MSFT"]', 1, '0ce5111610563b67d29acae3e0d6323a', '2026-03-15 21:01:16');
INSERT INTO stock_news_raw (pub_date, title, content, url, source, type, rule_passed, rule_score, rule_reason, processing_status, ai_summary, market_impact, importance_stars, related_symbols, is_relevant_to_review, news_hash, captured_at) VALUES ('2026-03-12 22:05:00', '谷歌加码 AI 搜索商业化，广告转化预期改善', '谷歌宣布扩展 AI 搜索广告测试，市场预期搜索商业化效率改善，Alphabet 盘后走高。', 'https://demo.local/news/googl-search', 'demo_wire', 'symbol', 1, 6.9, '涉及跟踪标的 GOOGL', 'llm_processed', '谷歌加码 AI 搜索商业化，广告转化预期改善', '涉及跟踪标的 GOOGL', 3, '["GOOGL"]', 1, 'fbcadfe484577de82624c72b62dda250', '2026-03-15 21:01:16');
INSERT INTO stock_news_raw (pub_date, title, content, url, source, type, rule_passed, rule_score, rule_reason, processing_status, ai_summary, market_impact, importance_stars, related_symbols, is_relevant_to_review, news_hash, captured_at) VALUES ('2026-03-13 21:20:00', 'Lumentum 获得大型光模块订单，AI 网络链再获催化', 'Lumentum 获得头部客户新一轮光模块订单，AI 网络基础设施资本开支预期继续上修。', 'https://demo.local/news/lite-order', 'demo_wire', 'symbol', 1, 6.4, '涉及跟踪标的 LITE；标的事件命中 订单', 'llm_processed', 'Lumentum 获得大型光模块订单，AI 网络链再获催化', '涉及跟踪标的 LITE；标的事件命中 订单', 3, '["LITE"]', 1, '30cff474af53bb13378bf20d9f0f23cc', '2026-03-15 21:01:16');
INSERT INTO stock_news_raw (pub_date, title, content, url, source, type, rule_passed, rule_score, rule_reason, processing_status, ai_summary, market_impact, importance_stars, related_symbols, is_relevant_to_review, news_hash, captured_at) VALUES ('2026-03-15 18:10:00', '周末中东局势再起波澜，周一全球市场或先计入避险交易', '周末突发消息加剧中东不确定性，原油、黄金和美元可能在周一开盘前继续获得避险买盘。', 'https://demo.local/news/weekend-risk', 'demo_wire', 'macro', 1, 8.5, '涉及核心市场资产 GC=F；宏观关键词命中 中东, 原油', 'llm_processed', '周末中东局势再起波澜，周一全球市场或先计入避险交易', '涉及核心市场资产 GC=F；宏观关键词命中 中东, 原油', 4, '["GC=F"]', 1, 'ed5de44ce534a82f132776b7d4bc117e', '2026-03-15 21:01:16');
INSERT INTO news_analysis (analysis_date, global_news, market_news, symbol_news, market_analysis, updated_at) VALUES ('2026-03-13', '- 暂无', '- 暂无', '- 谷歌加码 AI 搜索商业化，广告转化预期改善: 涉及跟踪标的 GOOGL', '当前保留 1 条有效新闻，其中宏观 0 条、市场 0 条、标的 1 条。', '2026-03-15 21:01:17');
INSERT INTO stock_archive (archive_date, review_status, news_brief, selected_news_ids, market_sentiment, sector_rotation, asset_plan, trading_summary, reviewed_at, updated_at) VALUES ('2026-03-09', 'initialized', '', '[]', '', '', '', '', NULL, '2026-03-15 21:05:00');
INSERT INTO stock_archive (archive_date, review_status, news_brief, selected_news_ids, market_sentiment, sector_rotation, asset_plan, trading_summary, reviewed_at, updated_at) VALUES ('2026-03-10', 'initialized', '', '[]', '', '', '', '', NULL, '2026-03-15 21:05:00');
INSERT INTO stock_archive (archive_date, review_status, news_brief, selected_news_ids, market_sentiment, sector_rotation, asset_plan, trading_summary, reviewed_at, updated_at) VALUES ('2026-03-11', 'initialized', '', '[]', '', '', '', '', NULL, '2026-03-15 21:05:00');
INSERT INTO stock_archive (archive_date, review_status, news_brief, selected_news_ids, market_sentiment, sector_rotation, asset_plan, trading_summary, reviewed_at, updated_at) VALUES ('2026-03-12', 'initialized', '', '[]', '', '', '', '', NULL, '2026-03-15 21:05:00');
INSERT INTO stock_archive (archive_date, review_status, news_brief, selected_news_ids, market_sentiment, sector_rotation, asset_plan, trading_summary, reviewed_at, updated_at) VALUES ('2026-03-13', 'initialized', '', '[]', '', '', '', '', NULL, '2026-03-15 21:05:00');
